Title,firstName,lastName,gender,email
Honorable,ALASdair,Beeckx,Male,abeeckx0@un.org
Dr,Saunder,MUrname,Male,smurname1@ftc.gov
Honorable,Julissa,Spriddle,Female,jspriddle2@chicagotribune.com
Rev,BernADEne,Peak,Female,bpeak3@fc2.com
Mrs,Cass,Bernardeschi,Male,cbernardeschi4@technorati.com
Honorable,AgGi,Lipson,Female,alipson5@ucoz.ru
Ms,Trescha,Damato,Female,tdamato6@skyrock.com
Dr,Dav,Headon,Male,dheadon7@ted.com
Honorable,NeaLSon,Janeway,Male,njaneway8@360.cn
Mrs,Laney,Trobey,Female,ltrobey9@eventbrite.com